id,name,model_id:id,group_id:id,perm_read,perm_write,perm_create,perm_unlink
vpcs_split_invoice_and_bills.access_split_invoice_wizard_admin,access_split_invoice_wizard_admin,vpcs_split_invoice_and_bills.model_split_invoice_wizard,vpcs_split_invoice_and_bills.group_split_bill_admin,1,1,1,1
vpcs_split_invoice_and_bills.access_split_invoice_wizard_user,access_split_invoice_wizard_user,vpcs_split_invoice_and_bills.model_split_invoice_wizard,vpcs_split_invoice_and_bills.group_split_bill_user,0,0,0,0

vpcs_split_invoice_and_bills.access_split_invoice_line_wizard,access_split_invoice_line_wizard,vpcs_split_invoice_and_bills.model_split_invoice_line_wizard,vpcs_split_invoice_and_bills.group_split_bill_user,1,1,1,1

