<?xml version="1.0" encoding="UTF-8" ?>
<odoo>
    <data noupdate="1">
<!--    Box Registration sequence    -->
        <record id="cricket_box_registration_sequence" model="ir.sequence">
            <field name="name">Cricket Box Registration</field>
            <field name="code">cricket.box.registration</field>
            <field name="prefix">CB</field>
            <field name="padding">5</field>
            <field name="number_next">1</field>
            <field name="number_increment">1</field>
            <field name="company_id" eval="False"/>
        </record>
    </data>
</odoo>
